{"cameraMode":{"drawMode":0,"name":"Shaded","section":"Shading Mode"},"sceneLighting":false,"audioPlay":false,"sceneViewState":{"m_AlwaysRefresh":false,"showFog":true,"showSkybox":false,"showFlares":true,"showImageEffects":true,"showParticleSystems":true,"showVisualEffectGraphs":true,"m_FxEnabled":true},"in2DMode":false,"pivot":{"x":0.00007772445678710938,"y":0.4587269127368927,"z":-0.49424347281455996},"rotation":{"x":-0.03897668793797493,"y":0.5146770477294922,"z":-0.02345152199268341,"w":-0.8562887907028198},"size":0.27654123306274416,"orthographic":false}