{"cameraMode":{"drawMode":0,"name":"Shaded","section":"Shading Mode"},"sceneLighting":false,"audioPlay":false,"sceneViewState":{"m_AlwaysRefresh":false,"showFog":true,"showSkybox":false,"showFlares":true,"showImageEffects":true,"showParticleSystems":true,"showVisualEffectGraphs":true,"m_FxEnabled":true},"in2DMode":false,"pivot":{"x":0.0000016987323760986329,"y":0.2600652575492859,"z":-0.09765911102294922},"rotation":{"x":0.09377245604991913,"y":-0.5821382403373718,"z":0.06787056475877762,"w":0.8049905300140381},"size":1.0141228437423707,"orthographic":false}