{"cameraMode":{"drawMode":0,"name":"Shaded","section":"Shading Mode"},"sceneLighting":true,"audioPlay":false,"sceneViewState":{"m_AlwaysRefresh":false,"showFog":true,"showSkybox":true,"showFlares":true,"showImageEffects":true,"showParticleSystems":true,"showVisualEffectGraphs":true,"m_FxEnabled":true},"in2DMode":false,"pivot":{"x":12.343060493469239,"y":-8.070975303649903,"z":-26.127517700195314},"rotation":{"x":-0.029842739924788476,"y":-0.9697640538215637,"z":0.15450000762939454,"w":-0.18698827922344209},"size":18.46392059326172,"orthographic":false}