{"cameraMode":{"drawMode":0,"name":"Shaded","section":"Shading Mode"},"sceneLighting":true,"audioPlay":false,"sceneViewState":{"m_AlwaysRefresh":false,"showFog":true,"showSkybox":true,"showFlares":true,"showImageEffects":true,"showParticleSystems":true,"showVisualEffectGraphs":true,"m_FxEnabled":true},"in2DMode":false,"pivot":{"x":4.7476606369018559,"y":-1.0020689964294434,"z":1.4475483894348145},"rotation":{"x":-0.00008430652815150097,"y":-0.9517694711685181,"z":0.3069778084754944,"w":-0.00029377182363532484},"size":7.3797383308410648,"orthographic":false}