{"cameraMode":{"drawMode":0,"name":"Shaded","section":"Shading Mode"},"sceneLighting":true,"audioPlay":false,"sceneViewState":{"m_AlwaysRefresh":false,"showFog":true,"showSkybox":true,"showFlares":true,"showImageEffects":true,"showParticleSystems":true,"showVisualEffectGraphs":true,"m_FxEnabled":true},"in2DMode":false,"pivot":{"x":2.5200371742248537,"y":-0.050877463072538379,"z":0.5209792852401733},"rotation":{"x":0.25807517766952517,"y":-0.3271445333957672,"z":0.09345139563083649,"w":0.9043993353843689},"size":4.422421932220459,"orthographic":false}