{"cameraMode":{"drawMode":0,"name":"Shaded","section":"Shading Mode"},"sceneLighting":false,"audioPlay":false,"sceneViewState":{"m_AlwaysRefresh":false,"showFog":true,"showSkybox":false,"showFlares":true,"showImageEffects":true,"showParticleSystems":true,"showVisualEffectGraphs":true,"m_FxEnabled":true},"in2DMode":false,"pivot":{"x":-0.3251519501209259,"y":2.2187604904174806,"z":3.001307487487793},"rotation":{"x":0.04613621160387993,"y":-0.9492811560630798,"z":0.26324188709259035,"w":0.16657030582427979},"size":0.06679988652467728,"orthographic":false}